{"cameraMode":{"drawMode":0,"name":"Shaded","section":"Shading Mode"},"sceneLighting":false,"audioPlay":false,"sceneViewState":{"showFog":true,"showMaterialUpdate":false,"showSkybox":false,"showFlares":true,"showImageEffects":true,"showParticleSystems":true},"in2DMode":false,"pivot":{"x":17.020000457763673,"y":3.489999771118164,"z":4.889999866485596},"rotation":{"x":0.15711276233196259,"y":-0.8369961380958557,"z":0.42085573077201846,"w":0.31246671080589297},"size":1.7320507764816285,"orthographic":false}