{"cameraMode":{"drawMode":0,"name":"Shaded","section":"Shading Mode"},"sceneLighting":true,"audioPlay":false,"sceneViewState":{"showFog":true,"showMaterialUpdate":false,"showSkybox":true,"showFlares":true,"showImageEffects":true,"showParticleSystems":true},"in2DMode":false,"pivot":{"x":2.300177574157715,"y":-1.5750675201416016,"z":-2.977166175842285},"rotation":{"x":-0.06310603767633438,"y":0.9329031705856323,"z":-0.20207135379314423,"w":-0.2913421094417572},"size":7.9435906410217289,"orthographic":false}